{"cameraMode":{"drawMode":0,"name":"Shaded","section":"Shading Mode"},"sceneLighting":true,"audioPlay":false,"sceneViewState":{"showFog":true,"showMaterialUpdate":true,"showSkybox":true,"showFlares":true,"showImageEffects":true,"showParticleSystems":true},"in2DMode":false,"pivot":{"x":-122.10893249511719,"y":-22.6451358795166,"z":5.186935901641846},"rotation":{"x":0.1360420286655426,"y":-0.022288834676146508,"z":0.0030614628922194244,"w":0.9904477000236511},"size":210.31459045410157,"orthographic":false}