{"cameraMode":{"drawMode":0,"name":"Shaded","section":"Shading Mode"},"sceneLighting":true,"audioPlay":false,"sceneViewState":{"showFog":true,"showMaterialUpdate":true,"showSkybox":false,"showFlares":true,"showImageEffects":true,"showParticleSystems":true},"in2DMode":false,"pivot":{"x":273.8421325683594,"y":95.49816131591797,"z":-87.11015319824219},"rotation":{"x":0.1759980469942093,"y":-0.029526883736252786,"z":0.005281529389321804,"w":0.9839339256286621},"size":957.8779907226563,"orthographic":true}