{"cameraMode":{"drawMode":0,"name":"Shaded","section":"Shading Mode"},"sceneLighting":true,"audioPlay":false,"sceneViewState":{"showFog":true,"showMaterialUpdate":true,"showSkybox":false,"showFlares":true,"showImageEffects":true,"showParticleSystems":true},"in2DMode":false,"pivot":{"x":119.75518035888672,"y":99.59201049804688,"z":-13.177133560180664},"rotation":{"x":0.08539431542158127,"y":0.005978046916425228,"z":-0.0005123722949065268,"w":0.9963293671607971},"size":1197.526611328125,"orthographic":false}