{"cameraMode":{"drawMode":0,"name":"Shaded","section":"Shading Mode"},"sceneLighting":true,"audioPlay":false,"sceneViewState":{"showFog":true,"showMaterialUpdate":true,"showSkybox":true,"showFlares":true,"showImageEffects":true,"showParticleSystems":true},"in2DMode":false,"pivot":{"x":66.98448181152344,"y":-45.577362060546878,"z":-203.86895751953126},"rotation":{"x":-0.2695682644844055,"y":0.019955411553382875,"z":-0.005576747469604015,"w":-0.9627753496170044},"size":621.3057250976563,"orthographic":false}