{"cameraMode":{"drawMode":0,"name":"Shaded","section":"Shading Mode"},"sceneLighting":true,"audioPlay":false,"sceneViewState":{"showFog":true,"showMaterialUpdate":true,"showSkybox":false,"showFlares":true,"showImageEffects":true,"showParticleSystems":true},"in2DMode":false,"pivot":{"x":129.79002380371095,"y":485.886962890625,"z":51.62482452392578},"rotation":{"x":0.01649891771376133,"y":0.005999147891998291,"z":-0.0000989946856861934,"w":0.9998461604118347},"size":462.53826904296877,"orthographic":false}