{"cameraMode":{"drawMode":0,"name":"Shaded","section":"Shading Mode"},"sceneLighting":true,"audioPlay":false,"sceneViewState":{"showFog":true,"showMaterialUpdate":true,"showSkybox":false,"showFlares":true,"showImageEffects":true,"showParticleSystems":true},"in2DMode":false,"pivot":{"x":424.65966796875,"y":250.5329132080078,"z":-70.49227905273438},"rotation":{"x":0.035980474203825,"y":-0.025480713695287706,"z":0.000917705416213721,"w":0.9990284442901611},"size":890.2990112304688,"orthographic":true}